	2020-03-17
17:27:48
success
	2020-03-19
14:10:43
success
	2020-03-22
17:00:01
success
	2020-03-23
15:53:48
success
	2020-03-23
16:33:12
success
	2020-03-25
18:48:25
success
	2020-03-27
15:32:57
success
	2020-03-29
13:10:36
Failure
	2020-03-29
13:48:19
success
	2020-03-29
16:20:47
Failure
	2020-03-29
16:41:50
Failure
	2020-03-29
18:10:32
success
	2020-03-30
18:51:03
Failure
	2020-03-30
18:55:09
success
	2020-04-01
16:44:38
success
	2020-04-01
16:53:51
success
	2020-04-01
17:04:11
success
	2020-04-02
21:14:48
Failure
	2020-04-03
11:43:55
success
	2020-04-05
01:39:12
success
	2020-04-05
01:44:20
success
	2020-04-05
02:05:12
Failure
	2020-04-05
02:11:27
success
	2020-04-07
12:06:07
Failure
	2020-04-07
12:06:09
Failure
	2020-04-07
16:34:35
success
	2020-04-07
19:59:31
success
	2020-04-07
20:46:23
Failure
	2020-04-07
20:51:23
success
	2020-04-07
21:23:43
success
	2020-04-08
13:48:28
success
	2020-04-08
14:48:43
Failure
	2020-04-08
14:54:34
success
	2020-04-08
15:46:13
success
	2020-04-09
21:04:01
success
	2020-04-10
17:17:49
success
	2020-04-11
20:39:42
success
	2020-04-11
20:46:34
success
	2020-04-11
20:58:26
success
	2020-04-11
21:07:19
success
	2020-04-11
21:13:58
success
	2020-04-11
21:35:03
Failure
	2020-04-11
21:44:39
Failure
	2020-04-12
16:46:41
success
	2020-04-12
21:45:18
success
	2020-04-13
19:06:12
success
	2020-04-13
19:10:18
success
	2020-04-21
16:44:18
success
	2020-04-22
20:06:40
Failure
	2020-04-22
20:16:32
Failure
	2020-04-22
22:53:56
success
	2020-04-26
14:32:33
success
	2020-04-26
14:34:32
success
	2020-04-26
14:34:52
success
	2020-04-26
14:35:02
success
	2020-04-26
14:35:30
success
	2020-04-26
14:36:05
success
	2020-04-26
14:39:38
success
	2020-04-26
14:40:11
success
	2020-04-26
14:44:22
Failure
	2020-04-26
14:44:51
success
	2020-04-26
14:47:22
Failure
	2020-04-26
14:47:45
success
	2020-04-26
14:54:34
success
	2020-04-26
14:54:56
Failure
	2020-04-26
14:55:13
Failure
	2020-04-26
14:56:28
success
	2020-04-26
14:57:35
success
	2020-04-26
15:01:22
success
	2020-04-26
15:09:36
success
	2020-05-10
21:33:29
success
	2020-05-14
17:25:19
Failure
	2020-05-14
18:06:58
success
	2020-05-14
18:08:39
success
	2020-05-15
16:48:09
Failure
	2020-05-24
15:15:59
success
	2020-05-24
15:50:19
Failure
	2020-05-24
16:23:28
Failure
	2020-05-24
16:28:59
Failure
	2020-05-24
16:31:40
success
	2020-05-24
16:52:24
success
	2020-05-24
17:06:07
success
	2020-06-07
17:15:59
Failure
	2020-06-07
17:21:08
success
	2020-06-07
17:32:30
success
	2020-12-09
11:23:32
Failure
	2020-12-09
11:24:24
success
	2020-12-09
11:29:35
success
	2020-12-10
15:52:04
Failure
	2020-12-11
17:45:35
success
	2020-12-12
10:38:27
success
	2020-12-14
07:15:30
success
	2020-12-15
18:17:56
success
	2020-12-16
09:32:22
success
	2020-12-17
18:54:21
success
	2020-12-18
11:25:00
success
	2020-12-19
16:29:09
success
	2020-12-20
08:39:11
success
	2020-12-21
16:04:41
success
	2020-12-23
13:04:03
success
	2020-12-24
16:40:42
success
	2020-12-25
15:34:00
success
	2020-12-26
15:36:31
success
	2020-12-27
15:58:43
success
	2020-12-28
12:23:53
success
	2020-12-29
16:26:35
success
	2020-12-30
11:21:10
success
	2021-01-01
15:53:44
success
	2021-01-02
08:46:01
success
	2021-01-03
17:05:59
success
	2021-01-04
15:32:08
success
	2021-01-06
16:26:50
success
	2021-01-07
16:30:09
success
	2021-01-08
15:15:36
success
	2021-01-09
10:49:28
Failure
	2021-01-19
12:01:11
success
	2021-01-19
12:01:22
success
	2021-01-19
12:01:31
success
	2021-01-19
12:01:41
success
	2021-01-19
12:01:50
success
	2021-01-19
12:02:01
success
	2021-01-21
18:48:47
success
	2021-01-22
13:22:47
success
	2021-01-23
18:45:10
success
	2021-01-24
16:12:21
success
	2021-01-24
16:17:31
success
	2021-01-25
08:24:22
Failure
	2021-01-25
15:57:49
success
	2021-01-26
15:54:24
success
	2021-01-27
17:19:44
success
	2021-01-28
17:55:10
Failure
	2021-02-01
16:40:24
success
	2021-02-01
16:49:45
success
	2021-02-02
17:51:12
success
	2021-02-04
16:42:49
Failure
	2021-02-07
16:22:42
Failure
	2021-02-08
16:29:34
Failure
	2021-02-09
16:36:44
success
	2021-02-14
16:41:29
success
	2021-02-15
16:41:47
success
	2021-02-16
17:15:50
success
	2021-02-18
18:30:03
success
	2021-02-21
10:32:49
success
	2021-02-24
15:48:00
Failure
	2021-02-24
15:48:11
success
	2021-02-24
15:48:22
Failure
	2021-02-24
15:52:54
Failure
	2021-02-24
15:53:00
Failure
	2021-02-24
15:53:07
success
	2021-02-24
16:07:33
Failure
	2021-02-24
16:08:27
success
	2021-02-24
16:15:11
Failure
	2021-02-24
16:15:18
success
	2021-02-24
16:22:33
success
	2021-02-24
16:44:17
success
	2021-02-24
17:29:47
success
	2021-02-24
17:29:57
success
	2021-02-24
17:47:00
success
	2021-02-24
17:47:09
success
	2021-02-24
17:52:32
success
	2021-02-24
17:58:00
Failure
	2021-02-24
18:03:53
success
	2021-02-24
18:07:11
success
	2021-02-24
18:07:32
Failure
	2021-02-25
14:12:30
success
	2021-02-25
14:29:51
success
	2021-02-25
14:30:27
success
	2021-02-25
14:39:00
success
	2021-02-25
14:42:17
success
	2021-02-25
14:42:23
success
	2021-02-25
14:43:18
success
	2021-02-25
14:43:59
success
	2021-02-25
14:44:05
Failure
	2021-02-25
14:44:10
success
	2021-02-25
14:45:50
success
	2021-02-25
14:52:10
Failure
	2021-02-25
14:52:16
success
	2021-02-25
14:53:59
success
	2021-02-25
14:54:10
success
	2021-02-25
14:54:19
success
	2021-02-25
14:55:26
success
	2021-02-25
14:59:26
success
	2021-02-25
14:59:36
success
	2021-02-25
14:59:47
Failure
	2021-02-25
15:01:12
Failure
	2021-02-25
15:01:23
Failure
	2021-02-25
15:01:32
success
	2021-02-25
15:34:45
success
	2021-02-25
15:35:12
success
	2021-02-25
15:35:30
Failure
	2021-02-25
15:35:38
success
	2021-02-25
15:36:07
success
	2021-02-25
15:36:14
success
	2021-02-25
15:37:43
success
	2021-02-25
15:37:48
success
	2021-02-25
15:37:55
success
	2021-02-25
15:40:16
success
	2021-02-25
15:40:24
success
	2021-02-25
15:48:30
success
	2021-02-25
16:28:26
success
	2021-02-25
16:28:32
success
	2021-02-25
16:28:38
success
	2021-02-25
16:28:44
success
	2021-02-25
16:28:50
success
	2021-02-25
16:29:17
success
	2021-02-25
16:30:21
success
	2021-02-25
16:30:27
success
	2021-02-25
16:30:38
success
	2021-02-25
16:45:15
success
	2021-02-25
16:45:30
success
	2021-02-25
16:47:54
success
	2021-02-25
16:48:00
success
	2021-02-25
16:49:19
success
	2021-02-25
16:49:31
success
	2021-02-25
16:56:57
success
	2021-02-25
16:57:02
success
	2021-02-25
16:57:08
success
	2021-02-25
17:08:15
success
	2021-02-25
17:08:23
success
	2021-02-25
17:08:30
success
	2021-02-28
15:46:23
success
	2021-02-28
15:46:45
Failure
	2021-02-28
15:46:59
success
	2021-03-02
12:52:35
Failure
	2021-03-02
12:52:42
Failure
	2021-03-02
12:53:28
Failure
	2021-03-02
12:53:38
success
	2021-03-02
12:54:03
Failure
	2021-03-02
12:54:09
success
	2021-03-02
12:54:17
Failure
	2021-03-02
13:02:32
success
	2021-03-02
13:09:17
success
	2021-03-02
13:09:30
success
	2021-03-02
13:09:42
success
	2021-03-02
13:12:10
Failure
	2021-03-02
13:12:18
success
	2021-03-02
13:12:23
Failure
	2021-03-02
13:23:58
success
	2021-03-02
13:24:02
Failure
	2021-03-02
13:24:09
success
	2021-03-02
14:21:18
success
	2021-03-02
14:21:25
Failure
	2021-03-02
14:21:32
Failure
	2021-03-02
14:29:49
success
	2021-03-02
14:29:59
Failure
	2021-03-02
14:30:19
success
	2021-03-02
16:55:10
success
	2021-03-02
16:55:19
success
	2021-03-02
16:55:30
success
	2021-03-02
16:58:11
Failure
	2021-03-02
16:58:25
Failure
	2021-03-02
16:59:11
Failure
	2021-03-03
16:51:18
success
	2021-03-03
17:00:23
success
	2021-03-03
17:00:30
success
	2021-03-03
17:00:47
success
	2021-03-03
19:47:16
success
	2021-03-03
19:47:25
success
	2021-03-03
19:47:37
Failure
	2021-03-03
19:57:03
Failure
	2021-03-03
19:57:26
success
	2021-03-03
19:57:41
Failure
	2021-03-03
19:59:19
Failure
	2021-03-03
19:59:41
success
	2021-03-03
20:00:05
success
	2021-03-03
20:00:05
Failure
	2021-03-03
20:01:06
success
	2021-03-03
20:01:19
success
	2021-03-03
20:01:42
success
	2021-03-03
20:02:28
success
	2021-03-03
20:02:35
success
	2021-03-03
20:02:44
Failure
	2021-03-05
10:45:52
Failure
	2021-03-05
10:46:10
success
	2021-03-05
10:46:25
success
	2021-03-06
13:40:34
success
	2021-03-06
13:40:48
success
	2021-03-06
13:40:56
success
	2021-03-08
21:46:12
success
	2021-03-08
21:46:24
success
	2021-03-09
21:07:32
Failure
	2021-03-11
18:17:44
success
	2021-03-11
18:17:54
success
	2021-03-11
18:18:05
success
	2021-03-12
12:52:26
success
	2021-03-12
12:52:51
Failure
	2021-03-12
12:53:13
success
	2021-03-12
12:53:13
Failure
	2021-03-13
12:33:16
Failure
	2021-03-13
12:33:31
Failure
	2021-03-13
12:33:42
success
	2021-03-14
21:48:04
success
	2021-03-16
19:04:59
success
	2021-03-18
19:28:30
success
	2021-03-18
19:28:53
Failure
	2021-03-18
19:29:09
success
	2021-03-20
13:11:11
Failure
	2021-03-20
13:11:25
success
	2021-03-20
13:12:00
Failure
	2021-03-21
21:59:22
success
	2021-03-21
21:59:45
Failure
	2021-03-21
22:00:04
Failure
	2021-03-25
18:52:19
success
	2021-03-25
18:52:42
success
	2021-03-25
18:53:05
Failure
	2021-03-28
09:42:17
Failure
	2021-03-28
09:42:45
Failure
	2021-03-28
09:42:58
success
	2021-03-30
16:54:27
Failure
	2021-03-30
16:54:33
success
	2021-03-30
16:54:39
success
	2021-03-31
15:56:48
success
	2021-03-31
15:57:04
success
	2021-03-31
15:57:14
success
	2021-04-01
18:25:04
success
	2021-04-03
20:45:57
success
	2021-04-03
20:46:06
success
	2021-04-03
20:46:21
success
	2021-04-05
18:31:46
success
	2021-04-05
18:31:57
success
	2021-04-05
18:32:33
Failure
	2021-04-09
08:58:17
success
	2021-04-09
08:58:29
success
	2021-04-09
08:58:47
success
	2021-04-09
08:58:47
Failure
	2021-04-09
09:01:54
success
	2021-04-09
09:02:11
success
	2021-04-09
09:02:35
Failure
	2021-04-09
09:03:45
Failure
	2021-04-09
09:03:58
success
	2021-04-09
09:04:13
success
	2021-04-09
09:05:11
success
	2021-04-09
09:05:20
success
	2021-04-09
09:05:34
success
	2021-04-09
09:06:36
success
	2021-04-09
09:06:42
success
	2021-04-09
09:06:50
success
	2021-04-22
14:56:10
success
	2021-04-22
14:56:25
success
	2021-04-22
14:56:56
success
	2021-04-22
15:16:48
success
	2021-04-23
12:19:38
success
	2021-04-23
12:20:01
success
	2021-04-23
12:20:21
success
	2021-04-23
18:29:07
success
	2021-04-23
18:29:21
success
	2021-04-23
18:29:32
success
	2021-04-23
18:41:34
success
	2021-04-23
18:41:44
success
	2021-04-23
18:41:57
success
	2021-04-24
11:41:20
success
	2021-04-24
11:52:07
success
	2021-04-24
11:52:38
Failure
	2021-04-24
11:52:45
success
	2021-04-24
12:05:54
success
	2021-04-27
13:29:02
success
	2021-04-27
13:29:22
Failure
	2021-04-27
13:29:33
success
	2021-04-28
11:55:04
success
	2021-04-28
11:55:50
success
	2021-04-28
11:56:03
success
	2021-04-30
12:53:24
success
	2021-04-30
12:53:31
success
	2021-04-30
12:54:42
success
	2021-05-02
12:10:11
success
	2021-05-03
16:15:51
success
	2021-05-03
16:16:01
success
	2021-05-03
16:16:12
success
	2021-05-11
11:42:38
success
	2021-05-11
11:49:31
Failure
	2021-06-08
12:51:16
success
	2021-06-08
12:51:30
Failure
	2021-06-08
12:51:41
success
	2021-06-08
13:13:23
success
	2021-06-08
13:13:29
success
	2021-06-08
13:13:40
success
	2021-06-09
11:08:00
success
	2021-06-09
11:08:50
Failure
	2021-06-09
11:09:32
Failure
	2021-06-09
11:22:26
success
	2021-06-09
11:26:09
success
	2021-06-09
11:27:50
success
	2021-06-09
11:28:13
success
	2021-06-09
11:29:35
Failure
	2021-06-09
11:30:09
success
	2021-06-09
11:30:22
success
	2021-06-10
08:58:25
Failure
	2021-06-10
08:58:40
success
	2021-06-10
08:58:54
success
	2021-06-10
12:54:11
success
	2021-06-10
19:43:11
Failure
	2021-06-10
19:43:30
success
	2021-06-10
19:43:56
Failure
	2021-06-11
17:55:19
success
	2021-06-11
18:18:48
success
	2021-06-12
13:18:32
success
	2021-06-12
13:18:54
success
	2021-06-12
13:19:06
success
	2021-06-14
20:16:52
success
	2021-06-14
20:17:44
success
	2021-06-14
20:18:08
Failure
	2021-06-14
20:24:16
success
	2021-06-14
20:24:26
Failure
	2021-06-14
20:24:38
success
	2021-06-14
20:24:38
Failure
	2021-06-15
19:12:11
Failure
	2021-06-15
19:12:38
success
	2021-06-15
19:12:50
success
	2021-06-15
19:21:48
Failure
	2021-06-15
19:22:26
Failure
	2021-06-15
19:22:50
Failure
	2021-06-16
18:40:40
Failure
	2021-06-16
18:40:46
Failure
	2021-06-16
18:40:54
Failure
	2021-06-17
09:50:52
success
	2021-06-17
09:50:58
Failure
	2021-06-17
09:51:03
success
	2021-06-17
18:08:21
Failure
	2021-06-17
18:08:34
Failure
	2021-06-17
18:08:44
success
	2021-06-19
11:14:39
success
	2021-06-19
14:24:03
success
	2021-06-19
14:24:08
Failure
	2021-06-19
14:24:20
success
	2021-06-20
10:27:50
Failure
	2021-06-20
10:28:15
Failure
	2021-06-20
10:28:52
success
	2021-06-20
17:18:21
Failure
	2021-06-20
17:19:00
success
	2021-06-20
17:19:14
Failure
	2021-06-25
10:52:04
success
	2021-06-25
10:52:42
Failure
	2021-06-25
10:53:25
Failure
	2021-06-25
11:03:02
Failure
	2021-06-25
11:03:38
Failure
	2021-06-25
11:04:04
success
	2021-06-26
06:35:24
Failure
	2021-06-26
06:35:36
Failure
	2021-06-26
06:35:44
Failure
	2021-06-26
06:44:07
Failure
	2021-06-26
10:08:05
Failure
	2021-06-26
10:08:15
Failure
	2021-06-26
10:08:22
Failure
	2021-06-26
13:32:45
Failure
	2021-06-26
13:32:57
Failure
	2021-06-26
13:33:04
success
	2021-06-26
15:47:38
Failure
	2021-06-26
15:47:57
Failure
	2021-06-26
15:48:11
Failure
	2021-06-26
15:55:24
Failure
	2021-06-26
15:55:34
Failure
	2021-06-26
15:55:48
Failure
	2021-06-26
16:03:40
Failure
	2021-06-26
16:03:52
Failure
	2021-06-26
16:04:05
success
	2021-06-28
11:03:51
Failure
	2021-06-28
11:04:08
success
	2021-06-28
11:04:17
success
	2021-06-28
16:09:59
success
	2021-06-28
16:10:28
Failure
	2021-06-28
16:10:53
success
	2021-06-28
18:30:57
Failure
	2021-06-28
18:31:18
Failure
	2021-06-28
18:31:39
success
	2021-06-29
11:12:30
Failure
	2021-06-29
11:12:48
Failure
	2021-06-29
11:13:05
success
	2021-06-29
11:23:34
Failure
	2021-06-29
11:23:40
Failure
	2021-06-29
11:23:45
success
	2021-06-30
16:07:07
Failure
	2021-06-30
16:07:37
Failure
	2021-06-30
16:07:52
success
	2021-07-01
15:56:53
Failure
	2021-07-01
15:57:03
success
	2021-07-01
15:57:13
success
	2021-07-03
10:01:42
success
	2021-07-05
18:44:26
success
	2021-07-07
17:46:32
Failure
	2021-07-07
17:46:53
success
	2021-07-07
17:47:19
Failure
	2021-07-07
19:03:27
Failure
	2021-07-07
19:03:57
success
	2021-07-07
19:04:23
Failure
	2021-07-08
17:04:33
success
	2021-07-08
17:04:56
Failure
	2021-07-08
17:05:12
success
	2021-07-09
11:07:34
Failure
	2021-07-09
11:07:47
Failure
	2021-07-09
11:07:57
Failure
	2021-07-09
11:14:00
success
	2021-07-11
18:26:42
Failure
	2021-07-11
18:27:07
Failure
	2021-07-11
18:27:38
Failure
	2021-07-15
18:17:04
Failure
	2021-07-15
18:17:23
Failure
	2021-07-15
18:17:41
success
	2021-07-17
11:44:07
Failure
	2021-07-17
11:45:06
success
	2021-07-17
11:45:27
success
	2021-07-17
16:20:24
Failure
	2021-07-17
16:20:33
success
	2021-07-17
16:20:49
Failure
	2021-07-19
10:23:21
success
	2021-07-20
15:57:54
success
	2021-07-24
07:20:39
Failure
	2021-07-24
07:21:06
Failure
	2021-07-24
07:21:32
Failure
	2021-08-05
11:43:07
Failure
	2021-08-05
11:43:08
Failure
	2021-08-05
11:53:56
success
	2021-08-05
11:54:02
Failure
	2021-08-05
11:54:12
success
	2021-08-05
12:01:19
success
	2021-08-05
12:01:28
success
	2021-08-05
12:01:34
Failure
	2021-08-05
12:03:31
Failure
	2021-08-05
12:03:40
Failure
	2021-08-05
12:34:58
success
	2021-08-05
12:36:22
success
	2021-08-05
12:36:28
success
	2021-08-05
12:36:34
success
	2021-08-05
12:45:48
success
	2021-08-05
12:45:57
success
	2021-08-05
12:46:07
success
	2021-08-05
12:59:03
success
	2021-08-05
12:59:14
Failure
	2021-08-05
12:59:23
success
	2021-08-05
13:06:35
Failure
	2021-08-05
13:06:51
Failure
	2021-08-05
13:07:00
Failure
	2021-08-05
13:15:11
Failure
	2021-08-05
13:15:37
success
	2021-08-05
13:15:48
Failure
	2021-08-05
13:21:41
success
	2021-08-05
13:21:49
Failure
	2021-08-05
13:21:54
Failure
	2021-08-05
13:27:18
Failure
	2021-08-05
13:27:22
success
	2021-08-05
13:27:28
success
	2021-08-05
14:06:23
success
	2021-08-05
14:06:28
success
	2021-08-05
14:06:33
success
	2021-10-04
12:26:12
Failure
	2021-10-04
12:26:19
success
	2021-10-04
12:26:26
Failure
	2021-10-12
15:37:47
success
	2021-10-12
15:37:53
success
	2021-10-12
15:38:05
success
	2021-10-12
15:48:33
success
	2021-10-12
15:48:44
success
	2021-10-12
15:48:55
success
	2021-10-12
16:01:03
success
	2021-10-12
16:22:20
success
	2021-10-12
17:27:53
Failure
	2021-10-12
17:28:15
success
	2021-10-12
17:28:35
success
	2021-10-12
17:33:23
Failure
	2021-10-12
17:33:39
success
	2021-10-12
17:34:02
success
	2021-10-12
17:34:03
Failure
	2021-10-13
15:23:43
Failure
	2021-10-13
15:23:59
success
	2021-10-13
15:24:31
Failure
	2021-10-13
15:28:38
Failure
	2021-10-13
15:28:41
Failure
	2021-10-13
15:28:59
Failure
	2021-10-13
15:29:10
success
	2021-10-13
15:38:35
Failure
	2021-10-13
15:38:46
success
	2021-10-13
15:39:04
Failure
	2021-10-13
15:44:28
Failure
	2021-10-13
15:49:56
success
	2021-10-13
15:50:05
success
	2021-10-13
15:54:40
success
	2021-10-13
15:54:47
success
	2021-10-13
16:16:00
success
	2021-10-13
16:16:18
success
	2021-10-13
16:16:39
Failure
	2021-10-19
13:01:08
success
	2021-10-19
13:01:26
success
	2021-10-19
13:01:47
Failure
	2021-10-19
16:45:14
Failure
	2021-10-19
16:45:29
success
	2021-10-19
16:45:51
success
	2021-10-19
17:59:18
success
	2021-10-19
17:59:31
success
	2021-10-19
17:59:45
success
	2021-10-19
18:01:14
Failure
	2021-10-19
18:01:21
success
	2021-10-19
18:01:28
success
	2021-10-19
18:02:11
success
	2021-10-19
18:02:19
success
	2021-10-19
18:02:26
Failure
	2021-10-19
18:07:53
success
	2021-10-19
18:08:04
success
	2021-10-19
18:08:47
Failure
	2021-10-19
18:11:54
success
	2021-10-19
18:12:09
success
	2021-10-19
18:13:09
Failure
	2021-10-19
18:13:44
success
	2021-10-19
18:14:02
Failure
	2021-10-19
18:14:10
success
	2021-10-19
18:19:24
success
	2021-10-19
18:19:39
success
	2021-10-19
18:19:45
Failure
	2021-10-19
18:20:23
success
	2021-10-19
18:21:01
success
	2021-10-19
18:21:14
success
	2021-10-19
18:21:27
Failure
	2021-10-19
18:40:25
success
	2021-10-19
18:40:39
success
	2021-10-19
18:40:48
Failure
	2021-10-19
18:41:23
success
	2021-10-19
18:41:29
success
	2021-10-19
18:41:37
Failure
	2021-10-19
18:42:00
success
	2021-10-19
18:42:12
success
	2021-10-19
18:42:28
Failure
	2021-10-19
18:43:08
success
	2021-10-19
18:43:24
success
	2021-10-19
18:43:41
Failure
	2021-10-19
18:46:08
success
	2021-10-19
18:46:19
success
	2021-10-19
18:46:52
Failure
	2021-10-20
10:03:16
success
	2021-10-20
10:03:37
success
	2021-10-20
10:04:03
success
	2021-10-20
10:07:42
success
	2021-10-20
10:08:01
success
	2021-10-20
10:08:01
Failure
	2021-10-20
10:08:17
success
	2021-10-20
10:13:51
success
	2021-10-20
10:14:15
Failure
	2021-10-20
10:14:30
success
	2021-10-20
10:27:43
success
	2021-10-20
10:27:52
success
	2021-10-20
10:27:58
success
	2021-10-20
10:28:51
success
	2021-10-20
10:28:59
success
	2021-10-20
10:29:32
Failure
	2021-10-20
10:30:06
success
	2021-10-20
10:30:33
Failure
	2021-10-20
10:30:42
success
	2021-10-20
10:31:10
success
	2021-10-20
10:31:17
success
	2021-10-20
10:31:31
Failure
	2021-10-20
10:35:57
success
	2021-10-20
10:36:04
success
	2021-10-20
10:36:16
success
	2021-10-20
10:36:17
success
	2021-10-20
10:36:48
success
	2021-10-20
10:36:59
success
	2021-10-20
10:37:09
success
	2021-10-20
10:37:47
success
	2021-10-20
10:37:57
Failure
	2021-10-20
10:38:06
success
	2021-10-20
10:39:57
success
	2021-10-20
10:40:04
success
	2021-10-20
10:40:11
success
	2021-10-25
12:18:42
success
	2021-10-25
12:18:48
success
	2021-10-25
12:18:55
success
	2021-10-25
12:20:23
success
	2021-10-25
12:20:29
success
	2021-10-25
12:20:36
success
	2021-10-25
12:21:47
success
	2021-10-25
12:21:56
success
	2021-10-25
12:22:11
Failure
	2021-10-25
12:25:14
success
	2021-10-25
12:25:23
success
	2021-10-25
12:25:33
Failure
	2021-10-25
12:28:46
Failure
	2021-10-25
12:28:55
success
	2021-10-25
12:29:02
success
	2021-10-25
12:29:35
success
	2021-10-25
12:29:42
Failure
	2021-10-25
12:29:49
success
	2021-10-25
12:30:10
Failure
	2021-10-25
12:30:18
success
	2021-10-25
12:30:26
success
	2021-10-25
13:21:22
success
	2021-10-25
13:30:24
Failure
	2021-10-25
13:30:33
success
	2021-10-25
13:30:41
success
	2021-10-25
13:31:28
Failure
	2021-10-25
13:31:38
Failure
	2021-10-25
13:31:46
success
	2021-10-25
13:36:13
success
	2021-10-25
13:36:53
success
	2021-10-25
16:43:25
success
	2021-10-25
16:44:07
success
	2021-10-25
16:51:27
success
	2021-10-25
16:51:36
success
	2021-10-25
16:51:44
success
	2021-10-25
16:52:30
Failure
	2021-10-25
16:52:38
success
	2021-10-25
16:52:45
success
	2021-10-26
10:11:51
success
	2021-10-26
10:12:00
success
	2021-10-26
10:12:08
success
	2021-10-26
10:12:44
success
	2021-10-26
10:12:52
success
	2021-10-26
10:13:01
success
	2021-10-27
10:45:01
success
	2021-10-27
10:45:23
Failure
	2021-10-27
10:45:59
success
	2021-10-27
10:46:06
success
	2021-10-27
10:46:15
success
	2021-10-27
10:50:27
success
	2021-10-27
10:53:34
success
	2021-10-27
10:53:49
success
	2021-10-27
10:54:08
Failure
	2021-10-27
10:59:03
Failure
	2021-10-27
10:59:09
Failure
	2021-10-27
11:05:35
success
	2021-10-27
11:05:48
success
	2021-10-27
11:06:04
Failure
	2021-10-27
11:08:35
success
	2021-10-27
11:08:52
Failure
	2021-10-27
11:10:47
success
	2021-10-27
11:11:07
success
	2021-10-27
11:11:55
success
	2021-10-27
11:12:31
success
	2021-10-27
11:59:10
success
	2021-10-27
12:01:43
success
	2021-10-27
12:01:53
success
	2021-10-27
12:02:07
success
	2021-10-27
12:03:05
success
	2021-10-27
12:03:14
success
	2021-10-27
12:03:25
success
	2021-10-27
12:45:35
success
	2021-10-27
12:45:48
success
	2021-10-28
16:30:45
success
	2021-10-28
16:31:05
success
	2021-10-28
16:31:07
Failure
	2021-10-28
16:31:23
success
	2021-10-28
16:32:15
success
	2021-10-28
16:32:35
success
	2021-10-28
16:32:58
Failure
	2021-10-28
16:33:01
Failure
	2021-10-30
15:12:49
success
	2021-10-30
15:12:55
success
	2021-10-30
15:13:04
success
	2021-10-30
16:18:33
success
	2021-10-30
16:18:54
success
	2021-10-30
16:19:19
Failure
	2021-10-30
16:19:22
Failure
	2021-10-30
16:26:00
success
	2021-10-30
16:26:09
success
	2021-10-30
16:26:18
success
	2021-10-30
16:30:43
success
	2021-10-30
16:30:53
success
	2021-10-30
16:31:04
success
	2021-10-30
17:13:04
success
	2021-10-30
17:13:32
Failure
	2021-10-30
17:13:55
success
	2021-10-30
17:17:18
success
	2021-10-30
17:17:29
success
	2021-10-30
17:17:41
success
	2021-10-30
17:21:21
success
	2021-10-30
17:21:38
success
	2021-10-30
17:21:56
success
	2021-10-30
17:30:02
success
	2021-10-30
17:30:09
success
	2021-10-30
17:30:19
success
	2021-10-31
12:19:52
success
	2021-10-31
12:20:02
success
	2021-10-31
12:21:09
success
	2021-10-31
12:25:30
Failure
	2021-10-31
12:25:36
Failure
	2021-10-31
12:25:51
success
	2021-11-04
18:25:07
success
	2021-11-04
18:25:17
success
	2021-11-04
18:25:31
success
	2021-11-04
18:31:49
success
	2021-11-04
18:32:08
success
	2021-11-04
18:32:28
Failure
	2021-11-05
09:57:56
success
	2021-11-05
09:58:02
success
	2021-11-05
09:58:08
success
	2021-11-05
10:06:57
success
	2021-11-05
10:07:13
success
	2021-11-05
10:07:34
Failure
	2021-11-05
11:00:30
success
	2021-11-05
11:00:39
success
	2021-11-05
11:00:46
success
	2021-11-05
11:04:44
success
	2021-11-05
11:04:58
success
	2021-11-05
11:05:12
success
	2021-11-05
11:14:37
success
	2021-11-05
11:14:45
success
	2021-11-05
11:14:52
success
	2021-11-09
20:32:42
success
	2021-11-09
20:32:48
success
	2021-11-09
20:32:57
success
	2021-11-09
20:36:14
success
	2021-11-09
20:36:47
success
	2021-11-09
20:37:05
success
	2021-11-09
20:55:27
success
	2021-11-09
20:55:54
Failure
	2021-11-09
20:56:14
success
	2021-11-18
15:15:48
success
	2021-11-18
15:16:00
success
	2021-11-18
15:16:12
success
	2021-11-18
16:01:53
success
	2021-11-18
16:02:38
Failure
	2021-11-18
16:03:12
Failure
	2021-12-04
15:24:31
Failure
	2021-12-04
15:24:32
success
	2021-12-04
15:24:48
success
	2021-12-04
15:25:08
Failure
	2021-12-04
15:44:33
success
	2021-12-04
15:44:41
success
	2021-12-04
15:44:52
success
	2021-12-04
15:59:16
success
	2021-12-04
15:59:41
success
	2021-12-04
16:00:02
success
	2021-12-04
16:07:40
success
	2021-12-04
16:08:01
success
	2021-12-04
16:08:11
success
	2021-12-04
16:47:18
success
	2021-12-04
16:47:24
Failure
	2021-12-04
16:47:30
success
	2021-12-04
17:31:13
success
	2021-12-04
17:31:24
success
	2021-12-04
17:31:34
Failure
	2021-12-07
10:44:27
Failure
	2021-12-07
10:45:05
Failure
	2021-12-07
10:45:20
success
	2021-12-08
10:55:38
success
	2021-12-08
10:55:48
success
	2021-12-08
10:56:00
success
